video_id,title,published_at,views,likes,comments,duration,has_short_tag,url,engagement,engagement_rate
EiVdgm9CDrU,"“Window seat, endless views & a peaceful journey. 🚆💚🌿” #rajraushanofficial #rajraushan #bihar #new",2026-08-30 15:51:04+00:00,1157,0,0,PT29S,False,https://www.youtube.com/watch?v=EiVdgm9CDrU,0,0.0
HAmPn41tVw8,4k Video !! Maa Devi Mandir 🙏 | Special Puja & Hawan 🔥 | 2026 Video #rajraushanvlog #new #rajraushan,2026-08-29 08:17:32+00:00,33,0,5,PT7M4S,False,https://www.youtube.com/watch?v=HAmPn41tVw8,5,15.15
GLBgyeEBqjo,ट्रेन से सोन नदी का खूबसूरत नज़ारा 😍 | Dehri-On-Sone to Barun Train Journey 🚆#SonNadi #DehriOnSone,2026-08-27 16:05:15+00:00,1803,0,0,PT35S,False,https://www.youtube.com/watch?v=GLBgyeEBqjo,0,0.0
rdtU6zhDsJ0,Shree Krishna Janmashtami 🙏Celebration 2025 | Beautiful Village Festival | 16 August 2025 🦚,2026-08-22 18:38:05+00:00,86,0,2,PT4M30S,False,https://www.youtube.com/watch?v=rdtU6zhDsJ0,2,2.33
XgpaNLbU75w,4k Video 📸𝐀𝐦𝐚𝐳𝐢𝐧𝐠 𝐃𝐚𝐧𝐜𝐞 𝐏𝐞𝐫𝐟𝐨𝐫𝐦𝐚𝐧𝐜𝐞 @rajraushanofficial02 #gnsu New 2026 Dance Performance ,2026-08-21 13:05:27+00:00,125,0,2,PT2M31S,False,https://www.youtube.com/watch?v=XgpaNLbU75w,2,1.6
-xsXdBWr5zY,4k Video 📸 !! Sher Shah Suri Tomb Sasaram Vlog 2026 | बिहार का ऐतिहासिक अजूबा 😍#sasaram #rajraushan,2026-08-19 07:38:26+00:00,79,0,0,PT18M32S,False,https://www.youtube.com/watch?v=-xsXdBWr5zY,0,0.0
73drKFLdfLc,#rajraushanofficial #travel #bihar #nature #rajraushan,2026-08-18 14:53:06+00:00,170,0,0,PT23S,False,https://www.youtube.com/watch?v=73drKFLdfLc,0,0.0
fhIPa2hTfU4,#rajraushanofficial #travel #sasaram #nature #rohtas #vlog #vlog #youtubeshorts  #bihar #rajraushan,2026-08-18 08:24:58+00:00,264,0,0,PT26S,True,https://www.youtube.com/watch?v=fhIPa2hTfU4,0,0.0
30_0-Qb0rQo,#sasaram #tomb #rajraushanofficial #travel #bihar #nature #rajraushan #rohtas #vlog #youtubeshorts,2026-08-16 15:47:24+00:00,228,0,0,PT21S,True,https://www.youtube.com/watch?v=30_0-Qb0rQo,0,0.0
4Mw8oaE7p-o,#rajraushanofficial #2026  #bihar #nature #rajraushan #rohtas #vlog #youtubeshorts #bihartourism,2026-08-16 08:26:01+00:00,896,0,0,PT38S,True,https://www.youtube.com/watch?v=4Mw8oaE7p-o,0,0.0
_O-TB3zb5XU,Shershah Suri Tomb Sasaram # #rajraushanofficial #bihar #rajraushan #rohtas #sasaram,2026-08-15 16:05:22+00:00,785,0,0,PT24S,False,https://www.youtube.com/watch?v=_O-TB3zb5XU,0,0.0
YTCrClJMnn8,Shershah suri Tomb Sasaram #rajraushanofficial #travel #rajraushan #bihar #vlog,2026-08-15 12:42:21+00:00,378,0,0,PT21S,False,https://www.youtube.com/watch?v=YTCrClJMnn8,0,0.0
uQvhg0QlbOs,Shershah suri Tomb Sasaram # #travel #nature #rajraushan #bihar #vlog,2026-08-15 10:26:28+00:00,1462,0,0,PT28S,False,https://www.youtube.com/watch?v=uQvhg0QlbOs,0,0.0
nsydORrhoYs,Travel #rajraushanofficial #rajraushan #rohtas #nature #vlog #vlog #bihar #youtubeshorts,2026-08-14 10:22:37+00:00,65,0,0,PT36S,True,https://www.youtube.com/watch?v=nsydORrhoYs,0,0.0
_J-5LHFzwVE,🇮🇳,2026-08-13 12:09:15+00:00,33,0,0,PT22S,False,https://www.youtube.com/watch?v=_J-5LHFzwVE,0,0.0
pPAqMtryYUQ,🔥 𝐒𝐞𝐧𝐢𝐨𝐫 𝐅𝐚𝐫𝐞𝐰𝐞𝐥𝐥 𝐏𝐚𝐫𝐭𝐲 𝟐𝟎𝟐𝟔 | 𝐆𝐨𝐩𝐚𝐥 𝐍𝐚𝐫𝐚𝐲𝐚𝐧 𝐒𝐢𝐧𝐠𝐡 𝐔𝐧𝐢𝐯𝐞𝐫𝐬𝐢𝐭𝐲 | 𝐀𝐦𝐚𝐳𝐢𝐧𝐠 𝐃𝐚𝐧𝐜𝐞 𝐏𝐞𝐫𝐟𝐨𝐫𝐦𝐚𝐧𝐜𝐞 🔥 #gnsu ,2026-08-12 09:58:40+00:00,295,0,2,PT4M47S,False,https://www.youtube.com/watch?v=pPAqMtryYUQ,2,0.68
Nqwq-KGBVSc,#gnsu @rajraushanofficial02,2026-08-12 07:44:00+00:00,71,0,1,PT1M,False,https://www.youtube.com/watch?v=Nqwq-KGBVSc,1,1.41
F0CC14OYfHw,#rajraushanofficial,2026-08-10 15:22:36+00:00,20,0,0,PT59S,False,https://www.youtube.com/watch?v=F0CC14OYfHw,0,0.0
CB-LgmLHjI8,🌿 करमचट डैम का सफर शुरू… रास्ता ही इतना खूबसूरत है 😍#shorts #2026 #world,2026-08-08 17:09:42+00:00,26,0,2,PT55S,True,https://www.youtube.com/watch?v=CB-LgmLHjI8,2,7.69
7qMlEFFQtIU,#rajraushanofficial,2026-08-07 14:57:48+00:00,1438,0,0,PT22S,False,https://www.youtube.com/watch?v=7qMlEFFQtIU,0,0.0
QPp7EyqZ0A0,@rajraushanofficial02,2026-08-06 08:22:39+00:00,150,0,0,PT18S,False,https://www.youtube.com/watch?v=QPp7EyqZ0A0,0,0.0
CxM9zfzV-KE,#rajraushanofficial,2026-08-05 12:26:59+00:00,34,0,0,PT56S,False,https://www.youtube.com/watch?v=CxM9zfzV-KE,0,0.0
r-1VOmDbjJQ,4k Video | Part :- 2 !! Guptadham to Shergarh Fort | Hidden Paradise of Bihar 😱 | Rohtas Travel Vlog,2026-08-04 05:29:39+00:00,181,0,2,PT19M46S,False,https://www.youtube.com/watch?v=r-1VOmDbjJQ,2,1.1
Bw42DOLEW10,# #rajraushanofficial SUBSCRIBE,2026-08-01 18:14:45+00:00,51,0,0,PT55S,False,https://www.youtube.com/watch?v=Bw42DOLEW10,0,0.0
K3e7NPaytuY,#nature #travel #youtubeshorts #rohtas #2026 #vlog,2026-08-01 12:51:55+00:00,1097,0,1,PT34S,True,https://www.youtube.com/watch?v=K3e7NPaytuY,1,0.09
dRXJ9XvtIMY,#rohtas #rajraushanofficial #shorts #2026 #youtubeshorts,2026-07-31 13:33:53+00:00,117,0,0,PT15S,True,https://www.youtube.com/watch?v=dRXJ9XvtIMY,0,0.0
VNPHqaBDXjc,Full video 📸 👆Karamchat Dam #rajraushanofficial #youtubeshorts,2026-07-30 13:40:04+00:00,216,0,0,PT30S,True,https://www.youtube.com/watch?v=VNPHqaBDXjc,0,0.0
McRGDx0lGYs,Part-1  !! Karamchat Dam Rohtas Bihar New Vlog video 📸 2026 #rajraushan #new ,2026-07-29 08:15:00+00:00,384,0,2,PT15M45S,False,https://www.youtube.com/watch?v=McRGDx0lGYs,2,0.52
OEEueK-UFOs,Rohtas Bihar!! New Travel Video 📸 #rajraushanofficial #2026 #2026rajraushanofficial #travel #shorts,2026-07-28 10:35:04+00:00,33,0,0,PT45S,True,https://www.youtube.com/watch?v=OEEueK-UFOs,0,0.0
eL-J249plng,ROHTAS BIHAR  # #rajraushanofficial #2026rajraushanofficial #2026 #travel #rohtas #bihar,2026-07-27 14:31:26+00:00,80,0,1,PT43S,False,https://www.youtube.com/watch?v=eL-J249plng,1,1.25
O8CNd8oAXJU,@rajraushanofficial02 Rohtas Bihar #rajraushanofficial #2026 #2026rajraushanofficial #rajraushan,2026-07-26 07:09:33+00:00,102,0,0,PT38S,False,https://www.youtube.com/watch?v=O8CNd8oAXJU,0,0.0
yJNI4xvoWv4,Shergarh Fort (also called Bhurkunda) Rohtas Bihar #rajraushanofficial #2026 #world,2026-07-25 13:01:10+00:00,745,0,0,PT26S,False,https://www.youtube.com/watch?v=yJNI4xvoWv4,0,0.0
q-hbVF0kMQQ,Rohtas Bihar @rajraushanofficial02,2026-07-25 04:09:48+00:00,158,0,0,PT27S,False,https://www.youtube.com/watch?v=q-hbVF0kMQQ,0,0.0
QttDmALGGzE,4k HD Video ! Rohtas का ये पहाड़ और नदी देखकर दिल खुश हो गया ❤️ | Karamchand Dam | Gupta Dham #bihar,2026-07-24 16:47:49+00:00,1289,0,1,PT29S,False,https://www.youtube.com/watch?v=QttDmALGGzE,1,0.08
pawl7yygNEs,4k Travel Video Rohtas Bihar New # #rajraushanofficial #2026 #2026rajraushanofficial #rajraushan,2026-07-23 08:33:25+00:00,419,0,1,PT32S,False,https://www.youtube.com/watch?v=pawl7yygNEs,1,0.24
YBNVdizwmo4,Rohtas 📸🏞️ #rajraushanofficial,2026-07-22 16:12:52+00:00,111,0,1,PT28S,False,https://www.youtube.com/watch?v=YBNVdizwmo4,1,0.9
jjy64G5XFPc,4k Video !! Markandey Mahadev Temple Kaithi UP New Vlog video 📸 @rajraushanofficial02 #rajraushan ,2026-07-22 05:42:38+00:00,109,0,0,PT8M27S,False,https://www.youtube.com/watch?v=jjy64G5XFPc,0,0.0
9wH9xCDj6hY,New @rajraushanofficial02 channel,2026-07-21 15:53:58+00:00,48,0,0,PT17S,False,https://www.youtube.com/watch?v=9wH9xCDj6hY,0,0.0
WEzeNylv-No,💔🥺🤌 #rajraushanofficial #world,2026-07-20 13:20:03+00:00,591,0,0,PT45S,False,https://www.youtube.com/watch?v=WEzeNylv-No,0,0.0
DvFu9bN2hYg,#rajraushanofficial,2026-07-19 18:43:01+00:00,29,0,0,PT17S,False,https://www.youtube.com/watch?v=DvFu9bN2hYg,0,0.0
-qjHvq8Ml48,👆👆👆#train,2026-07-18 13:48:16+00:00,403,0,0,PT38S,False,https://www.youtube.com/watch?v=-qjHvq8Ml48,0,0.0
J7-xY5iiYec,🥺 2 साल की मेहनत... अब आपकी बारी! ❤️ | Please Support 🙏 !! #rajraushanofficial,2026-07-18 10:41:21+00:00,720,0,2,PT1M,False,https://www.youtube.com/watch?v=J7-xY5iiYec,2,0.28
pMS-D2r4JzA,Congratulations 🎉@Nomadikeraman,2026-07-17 10:07:16+00:00,27,0,4,PT1M20S,False,https://www.youtube.com/watch?v=pMS-D2r4JzA,4,14.81
I13MSxRElFI,4K HD#shorts 🥺🤌💔#rajraushanofficial #world #shorts,2026-07-16 13:00:18+00:00,864,0,0,PT30S,True,https://www.youtube.com/watch?v=I13MSxRElFI,0,0.0
Kxd2X4-Cgdo,4k Video 📸!! #rajraushanofficial #train #2026rajraushanofficial,2026-07-15 13:15:52+00:00,792,0,0,PT52S,False,https://www.youtube.com/watch?v=Kxd2X4-Cgdo,0,0.0
uKZC-OWUOOQ,4k Video Daily Vlog...... subscribe 🙂........ #rajraushanofficial ........,2026-07-14 15:15:00+00:00,26,0,0,PT34S,False,https://www.youtube.com/watch?v=uKZC-OWUOOQ,0,0.0
Wd8FXtsA-wI,💝 #rajraushanofficial,2026-07-13 16:45:17+00:00,902,0,0,PT28S,False,https://www.youtube.com/watch?v=Wd8FXtsA-wI,0,0.0
EeZnt3d8kgU,4k Short Video 📸 Travel # #rajraushanofficial #2026rajraushanofficial,2026-07-13 08:17:36+00:00,196,0,0,PT17S,False,https://www.youtube.com/watch?v=EeZnt3d8kgU,0,0.0
wNe7ozWYDfY,4k Video 📸 ! Karwandiya Railway Station 🚉 New Vlog video  2026 ❤️ ! #rajraushanofficial #travel #new,2026-07-12 07:09:47+00:00,90,0,0,PT6M23S,False,https://www.youtube.com/watch?v=wNe7ozWYDfY,0,0.0
qa_u-NZsGsk,4k HD Video 📸#india #rajraushanofficial #train,2026-07-11 15:13:43+00:00,1250,0,0,PT21S,False,https://www.youtube.com/watch?v=qa_u-NZsGsk,0,0.0
mAsE-yiYZgw,4k !! Wait for End 🔥🔥☠️🇮🇳#indianrailways # #rajraushanofficial #2026rajraushanofficial #train,2026-07-10 15:35:26+00:00,1231,0,2,PT34S,False,https://www.youtube.com/watch?v=mAsE-yiYZgw,2,0.16
hViweyRjkHE,4k HD Dog 🐕 shorts Video #rajraushanofficial,2026-07-09 16:25:02+00:00,860,0,0,PT26S,False,https://www.youtube.com/watch?v=hViweyRjkHE,0,0.0
wdU43SvLt1A,4k HD Video Vande Bharat 🇮🇳 # #rajraushanofficial,2026-07-09 12:46:37+00:00,1539,0,0,PT26S,False,https://www.youtube.com/watch?v=wdU43SvLt1A,0,0.0
xG1TpXeFU48,4k Short Video Daily Upload #rajraushanofficial #2026rajraushanofficial #2026 #travelvlog,2026-07-06 15:22:19+00:00,584,0,0,PT20S,False,https://www.youtube.com/watch?v=xG1TpXeFU48,0,0.0
aRi9gZKMWdU,4k Short video 📸 Daily upload #rajraushanofficial #2026 #2026rajraushanofficial #travel,2026-07-06 12:05:56+00:00,278,0,0,PT14S,False,https://www.youtube.com/watch?v=aRi9gZKMWdU,0,0.0
ev2Oc-qaCI4,4k Short Video 📸 Bharat 🇮🇳 #rajraushanofficial #travel #2026 #travelvlog #vlog #world #new,2026-07-05 14:03:39+00:00,333,0,0,PT54S,False,https://www.youtube.com/watch?v=ev2Oc-qaCI4,0,0.0
8kC7UIxthiE,#rajraushanofficial,2026-07-04 15:21:45+00:00,946,0,0,PT30S,False,https://www.youtube.com/watch?v=8kC7UIxthiE,0,0.0
bEZ5VOqlII8,June 2026Travel in Uttar Pradesh,2026-07-03 01:18:51+00:00,57,0,0,PT33S,False,https://www.youtube.com/watch?v=bEZ5VOqlII8,0,0.0
UqM76fvY034,#rajraushanofficial #train #2026 #travelvlog #world,2026-07-01 17:00:27+00:00,957,0,0,PT26S,False,https://www.youtube.com/watch?v=UqM76fvY034,0,0.0
OktYY2aDfqk,#rajraushanofficial,2026-06-30 18:42:05+00:00,133,0,0,PT43S,False,https://www.youtube.com/watch?v=OktYY2aDfqk,0,0.0
FnMWZY5xQQk,4k Video !! Varanasi Vlog 2026 😍UP | My Beautiful Journey in Kashi | Ganga Aarti | Banaras Vibes |🚩,2026-06-29 04:29:26+00:00,84,0,3,PT8M11S,False,https://www.youtube.com/watch?v=FnMWZY5xQQk,3,3.57
otmiZol5msY,"I Want to Fly, Fall, and Rise Again | The Most Powerful Motivation to Never Give Up | #world",2026-06-28 13:32:47+00:00,424,0,0,PT42S,False,https://www.youtube.com/watch?v=otmiZol5msY,0,0.0
Ct791DFr-6s,#rajraushanofficial,2026-06-28 08:43:59+00:00,154,0,0,PT23S,False,https://www.youtube.com/watch?v=Ct791DFr-6s,0,0.0
Ol_FeCvFLyg,Train 🇮🇳,2026-06-26 18:07:14+00:00,75,0,2,PT26S,False,https://www.youtube.com/watch?v=Ol_FeCvFLyg,2,2.67
blrZld-DR-8,Sukoon #2026 #travel #vlog #viral #shorts #youtubeshorts #rajraushanofficial #travelvlog #world,2026-06-26 14:07:22+00:00,2621,0,2,PT34S,True,https://www.youtube.com/watch?v=blrZld-DR-8,2,0.08
R-eGjooameQ,Sarved Mahamandir Banaras | 4K Ultra HD Temple Tour | Varanasi Travel Vlog | Amazing Architecture,2026-06-26 04:12:03+00:00,42,0,0,PT11M32S,False,https://www.youtube.com/watch?v=R-eGjooameQ,0,0.0
cnUluS4I61s,#rajraushanofficial #vlog #2026rajraushanofficial,2026-06-25 15:58:42+00:00,45,0,0,PT59S,False,https://www.youtube.com/watch?v=cnUluS4I61s,0,0.0
TSjOzChRFzQ,🏛️ Sarnath Museum Tour | Discover the History of Buddha | Uttar Pradesh Travel Vlog,2026-06-25 10:32:54+00:00,58,0,0,PT4M40S,False,https://www.youtube.com/watch?v=TSjOzChRFzQ,0,0.0
VOfkzyrbu_U,INDIAN TRAIN 🇮🇳,2026-06-25 04:08:56+00:00,3069,0,0,PT23S,False,https://www.youtube.com/watch?v=VOfkzyrbu_U,0,0.0
NrixE67JQ5w,👆 Click my new vlog #2026rajraushanofficial,2026-06-24 13:50:01+00:00,702,0,0,PT38S,False,https://www.youtube.com/watch?v=NrixE67JQ5w,0,0.0
sCPqHM3SXKM,#shorts #travel #viral #ytshorts #rajraushanofficial,2026-06-20 12:02:17+00:00,862,0,2,PT13S,True,https://www.youtube.com/watch?v=sCPqHM3SXKM,2,0.23
0DE4hSmFj-w,🏰 Ramnagar Fort Varanasi HD Vlog | 4K Cinematic Tour | Hidden Heritage of Kashi😱#rajraushanofficial,2026-06-19 12:53:22+00:00,60,0,0,PT13M38S,False,https://www.youtube.com/watch?v=0DE4hSmFj-w,0,0.0
mgleO7HmWBA,#rajraushanofficial,2026-06-19 11:02:13+00:00,648,0,0,PT38S,False,https://www.youtube.com/watch?v=mgleO7HmWBA,0,0.0
Z6Zc1vtokNg,Aaiye na hamara Bihar mein🥰😁 #travel,2026-06-18 15:58:20+00:00,853,0,0,PT50S,False,https://www.youtube.com/watch?v=Z6Zc1vtokNg,0,0.0
sl-4dnJ1ZKo,Travel New video 📸,2026-06-17 18:41:16+00:00,871,0,0,PT25S,False,https://www.youtube.com/watch?v=sl-4dnJ1ZKo,0,0.0
xI4M_k6ng1Q,Amazing Travel Experience | Raj Raushan Official #rajraushanofficial #travel #2026rajraushanofficial,2026-06-17 09:03:45+00:00,817,0,0,PT20S,False,https://www.youtube.com/watch?v=xI4M_k6ng1Q,0,0.0
pNpBNyBnZ5o,Kashi Banaras Uttar Pradesh,2026-06-16 15:51:22+00:00,905,0,0,PT20S,False,https://www.youtube.com/watch?v=pNpBNyBnZ5o,0,0.0
v3Mdzycu2_0,Sarnath Deer 🦌 Park Vlog New Video 📸 2026 #rajraushanofficial #travel #2026rajraushanofficial ,2026-06-15 11:59:22+00:00,31,0,2,PT10M25S,False,https://www.youtube.com/watch?v=v3Mdzycu2_0,2,6.45
GGdQI_I8psk,SARNATH  Dhamek Stupa !! Uttar Pradesh 😍 !! Vlog video 📸 Travel video New !! #2026 #new ,2026-06-12 11:57:55+00:00,78,0,0,PT12M53S,False,https://www.youtube.com/watch?v=GGdQI_I8psk,0,0.0
tD4hw7G5HH4,Rani Lakshmibai🚩,2026-06-12 09:18:34+00:00,1274,0,0,PT29S,False,https://www.youtube.com/watch?v=tD4hw7G5HH4,0,0.0
eg8Q-1vJ6W8,Namo Namah Ghat,2026-06-12 03:31:07+00:00,838,0,0,PT30S,False,https://www.youtube.com/watch?v=eg8Q-1vJ6W8,0,0.0
tx8TGxeHg5M,Ramnagar Fort !! #rajraushanofficial,2026-06-11 15:38:35+00:00,228,0,0,PT28S,False,https://www.youtube.com/watch?v=tx8TGxeHg5M,0,0.0
7eUK9IiyIu8,Kashi 🔱🕉️🚩,2026-06-11 03:57:16+00:00,283,0,0,PT40S,False,https://www.youtube.com/watch?v=7eUK9IiyIu8,0,0.0
fz4LnYk-Z70,"Ramnagar Fort , Varanasi #rajraushanofficial #2026rajraushanofficial #travel #2026",2026-06-10 16:09:53+00:00,267,0,0,PT45S,False,https://www.youtube.com/watch?v=fz4LnYk-Z70,0,0.0
9oCEmBKKmg8,Kashi #rajraushanofficial #2026 #travel,2026-06-10 11:54:13+00:00,72,0,0,PT55S,False,https://www.youtube.com/watch?v=9oCEmBKKmg8,0,0.0
iuGZH6JUMto,Travel Short video 📸🦩🪿🦆🦢🦤 #travel #rajraushanofficial #2026 #nature,2026-06-09 16:11:20+00:00,245,0,2,PT31S,False,https://www.youtube.com/watch?v=iuGZH6JUMto,2,0.82
k0zrO1dIMqU,Sarnath Deer 🦌 Park Shorts video,2026-06-09 07:35:11+00:00,479,0,0,PT28S,False,https://www.youtube.com/watch?v=k0zrO1dIMqU,0,0.0
CLrtFQ4Ly78,Sarnath Uttar Pradesh #travel #rajraushanofficial #2026rajraushanofficial #rajraushanofficial #2026,2026-06-09 04:48:08+00:00,166,0,0,PT43S,False,https://www.youtube.com/watch?v=CLrtFQ4Ly78,0,0.0
x2vzW4_-RT4,Maa Tutla Bhavani vlog video 📸 2026 #rajraushanofficial #2026 ,2026-06-08 12:18:34+00:00,72,0,0,PT7M4S,False,https://www.youtube.com/watch?v=x2vzW4_-RT4,0,0.0
6UY-c-q4Ghg,Sarnath Deer 🦌 Park Uttar Pradesh tourist place #travel #rajraushanofficial #2026,2026-06-07 15:18:15+00:00,1164,0,0,PT22S,False,https://www.youtube.com/watch?v=6UY-c-q4Ghg,0,0.0
2kEL7GplmL8,"#2026 !! 𝐄𝐱𝐩𝐥𝐨𝐫𝐢𝐧𝐠 𝐏𝐢𝐥𝐨𝐭 𝐁𝐚𝐛𝐚 𝐀𝐬𝐡𝐫𝐚𝐦, 𝐒𝐚𝐬𝐚𝐫𝐚𝐦 | 𝐏𝐞𝐚𝐜𝐞𝐟𝐮𝐥 𝐒𝐩𝐢𝐫𝐢𝐭𝐮𝐚𝐥 𝐉𝐨𝐮𝐫𝐧𝐞𝐲 🙏",2026-06-07 01:23:21+00:00,7,0,0,PT7M4S,False,https://www.youtube.com/watch?v=2kEL7GplmL8,0,0.0
RGEWoP8gMaE,#rajraushanofficial,2026-06-06 14:32:43+00:00,592,0,0,PT38S,False,https://www.youtube.com/watch?v=RGEWoP8gMaE,0,0.0
rcAko8SR9RU,Bihar ----- Uttar Pradesh National Highway 🛣️ 2 #rajraushanofficial #2026rajraushanofficial #travel,2026-06-06 11:00:02+00:00,667,0,0,PT43S,False,https://www.youtube.com/watch?v=rcAko8SR9RU,0,0.0
fteUCZEVxQQ,🔥 #rajraushanofficial #travel,2026-06-04 16:35:43+00:00,780,0,0,PT27S,False,https://www.youtube.com/watch?v=fteUCZEVxQQ,0,0.0
8_0prvpEBC0,🫸Son nadi Short video 🫷      #travel #rajraushanofficial #2026rajraushanofficial #2026 Subscribe,2026-06-04 10:05:53+00:00,587,0,0,PT35S,False,https://www.youtube.com/watch?v=8_0prvpEBC0,0,0.0
bsac1US7NrY,New #2026 #rajraushanofficial #travel #2026rajraushanofficial,2026-06-04 03:24:21+00:00,101,0,0,PT24S,False,https://www.youtube.com/watch?v=bsac1US7NrY,0,0.0
rrl_uRMr4JI,Amazing Travel Experience | Raj Raushan Official #2026rajraushanofficial #rajraushantravelvlog #2026,2026-06-03 14:59:46+00:00,7,0,4,PT8M,False,https://www.youtube.com/watch?v=rrl_uRMr4JI,4,57.14
oy7EKxK1s8c,Travel Short video 📸 #rajraushanofficial #2026rajraushanofficial #rajraushantravelvlog #2026 #nature,2026-06-03 12:12:53+00:00,234,0,2,PT57S,False,https://www.youtube.com/watch?v=oy7EKxK1s8c,2,0.85
xzbbexx87rU,Maa Tutla Bhavani #rajraushanofficial #2026rajraushanofficial #travel #2026 #nature #travelvlog,2026-06-02 16:41:05+00:00,692,0,0,PT24S,False,https://www.youtube.com/watch?v=xzbbexx87rU,0,0.0
quPEhBfN3nQ,Indrapuri Travel shorts Video,2026-06-02 12:45:46+00:00,121,0,0,PT47S,False,https://www.youtube.com/watch?v=quPEhBfN3nQ,0,0.0
